2018/12/31 07:05:37,17.20, 9.10,100.00,99.40,,32.61,4.20,0.00,1546236337
2018/12/31 08:35:43,17.55, 9.20,100.00,99.40,,32.62,4.19,0.35,1546241743
2018/12/31 10:05:38,17.98, 9.50,100.00,99.40,,32.61,4.19,0.45,1546247138
2018/12/31 11:35:45,18.31, 9.60,100.00,99.40,,32.58,4.19,0.58,1546252545
2018/12/31 13:05:39,17.56, 9.80,100.00,99.40,,32.56,4.19,0.74,1546257939
2018/12/31 14:35:36,17.53, 9.90,100.00,99.40,,32.55,4.19,0.50,1546263336
2018/12/31 16:05:38,17.28, 9.70,100.00,99.40,,32.54,4.19,0.44,1546268738
2018/12/31 17:35:38,16.65, 9.40,100.00,99.40,,32.53,4.19,0.00,1546274138
2018/12/31 19:05:39,15.83, 9.50,100.00,99.40,,32.52,4.19,0.00,1546279539
2018/12/31 20:35:40,15.80, 9.30,100.00,99.40,,32.51,4.19,0.00,1546284940
2018/12/31 22:05:39,14.85, 8.70,100.00,99.40,,32.51,4.19,0.00,1546290339
2018/12/31 23:35:37,14.34, 8.80,100.00,99.40,,32.49,4.19,0.00,1546295737
2018/12/31 07:05:37,17.20, 9.10,100.00,99.40,,32.61,4.20,0.00,1546236337
2018/12/31 08:35:43,17.55, 9.20,100.00,99.40,,32.62,4.19,0.35,1546241743
2018/12/31 10:05:38,17.98, 9.50,100.00,99.40,,32.61,4.19,0.45,1546247138
2018/12/31 11:35:45,18.31, 9.60,100.00,99.40,,32.58,4.19,0.58,1546252545
2018/12/31 13:05:39,17.56, 9.80,100.00,99.40,,32.56,4.19,0.74,1546257939
2018/12/31 14:35:36,17.53, 9.90,100.00,99.40,,32.55,4.19,0.50,1546263336
2018/12/31 16:05:38,17.28, 9.70,100.00,99.40,,32.54,4.19,0.44,1546268738
2018/12/31 17:35:38,16.65, 9.40,100.00,99.40,,32.53,4.19,0.00,1546274138
2018/12/31 19:05:39,15.83, 9.50,100.00,99.40,,32.52,4.19,0.00,1546279539
2018/12/31 20:35:40,15.80, 9.30,100.00,99.40,,32.51,4.19,0.00,1546284940
2018/12/31 22:05:39,14.85, 8.70,100.00,99.40,,32.51,4.19,0.00,1546290339
2018/12/31 23:35:37,14.34, 8.80,100.00,99.40,,32.49,4.19,0.00,1546295737
2019/01/01 01:05:38,13.91, 8.50,100.00,99.40,,32.50,4.18,0.00,1546301138
2019/01/01 02:35:41,13.53, 8.20,100.00,99.40,,32.51,4.19,0.00,1546306541
2019/01/01 04:05:57,13.22, 7.80,100.00,99.40,,32.50,4.19,0.00,1546311957
2019/01/01 04:06:05,13.22, 7.80,100.00,99.40,,32.50,4.19,0.00,1546311965
2019/01/01 08:35:41,12.15, 7.60,100.00,99.40,,32.48,4.18,0.35,1546328141
2019/01/01 17:35:40,10.93, 7.30,100.00,99.40,,32.58,4.18,0.00,1546360540
2019/01/01 19:05:39,10.24, 6.60,100.00,99.40,,32.52,4.18,0.00,1546365939
2019/01/01 20:35:41, 9.98, 6.20,100.00,99.40,,32.52,4.18,0.00,1546371341
2019/01/02 01:05:43, 8.65, 4.60,100.00,99.40,,32.46,4.18,0.00,1546387543
2019/01/02 02:35:43, 9.56, 4.90,100.00,99.40,,32.44,4.18,0.00,1546392943
2019/01/02 05:35:39, 8.71, 5.00,100.00,99.40,,32.40,4.17,0.00,1546403739
2019/01/02 08:35:42, 9.24, 4.70,100.00,99.40,,32.37,4.17,0.35,1546414542
2019/01/02 10:05:46, 8.96, 5.20,100.00,99.40,,32.37,4.17,0.56,1546419946
2019/01/02 11:35:39, 9.39, 5.90,100.00,99.40,,32.37,4.18,1.27,1546425339
2019/01/02 13:05:38, 9.85, 7.20,100.00,99.40,,32.36,4.19,1.17,1546430738
2019/01/02 14:35:40, 9.88, 7.30,100.00,99.40,,32.33,4.19,0.74,1546436140
2019/01/02 16:05:38, 9.19, 5.40,100.00,99.40,,32.31,4.19,0.45,1546441538
2019/01/02 17:35:39, 7.48, 2.90,100.00,99.40,,32.30,4.19,0.00,1546446939
2019/01/02 19:05:39, 6.38, 0.40,100.00,99.40,,32.29,4.19,0.00,1546452339
2019/01/02 20:35:38, 5.48,-0.80,100.00,99.40,,32.30,4.20,0.00,1546457738
2019/01/02 22:05:39, 5.13,-0.40,100.00,99.40,,32.32,4.19,0.00,1546463139
2019/01/02 23:35:37, 4.37,-1.60,100.00,99.40,,32.31,4.19,0.00,1546468537
2019/01/03 01:05:37, 5.04,-0.70,100.00,99.40,,32.32,4.19,0.00,1546473937
2019/01/03 02:35:37, 5.65, 0.10,100.00,99.40,,32.32,4.19,0.00,1546479337
2019/01/03 04:05:38, 5.89, 0.50,100.00,99.40,,32.31,4.19,0.00,1546484738
2019/01/03 05:35:39, 5.77, 0.80,100.00,99.40,,32.31,4.19,0.00,1546490139
2019/01/03 07:05:39, 6.04, 0.90,100.00,99.40,,32.33,4.19,0.00,1546495539
2019/01/03 08:35:38, 6.49, 1.50,100.00,99.40,,32.33,4.18,0.35,1546500938
2019/01/03 10:05:36, 7.16, 3.60,100.00,99.40,,32.34,4.19,0.89,1546506336
2019/01/03 11:35:37, 8.08, 5.00,100.00,99.40,,32.33,4.19,1.29,1546511737
2019/01/03 13:05:38, 8.78, 5.40,100.00,99.40,,32.31,4.19,0.64,1546517138
2019/01/03 14:35:40, 8.61, 5.40,100.00,99.40,,32.30,4.19,0.61,1546522540
2019/01/03 16:05:39, 8.60, 5.30,100.00,99.40,,32.41,4.20,0.45,1546527939
2019/01/03 17:35:37, 8.88, 5.00,100.00,99.40,,32.39,4.19,0.00,1546533337
2019/01/03 19:05:37, 8.42, 4.90,100.00,99.40,,32.38,4.19,0.00,1546538737
2019/01/03 20:35:39, 8.35, 4.70,100.00,99.40,,32.38,4.19,0.00,1546544139
2019/01/03 22:05:38, 8.21, 4.40,100.00,99.40,,32.37,4.19,0.00,1546549538
2019/01/03 23:35:39, 7.92, 3.70,100.00,99.40,,32.37,4.19,0.00,1546554939
2019/01/04 01:05:39, 7.91, 3.60,100.00,99.40,,32.37,4.19,0.00,1546560339
2019/01/04 02:35:38, 7.83, 3.70,100.00,99.40,,32.37,4.19,0.00,1546565738
2019/01/04 04:05:38, 7.70, 3.50,100.00,99.40,,32.37,4.19,0.00,1546571138
2019/01/04 07:05:39, 7.57, 3.30,100.00,99.40,,32.36,4.18,0.00,1546581939
2019/01/04 08:35:38, 7.45, 3.30,100.00,99.40,,32.35,4.19,0.34,1546587338
2019/01/04 11:35:42, 8.14, 4.70,100.00,99.40,,32.46,4.18,0.99,1546598142
2019/01/04 13:05:41, 8.26, 4.80,100.00,99.40,,32.48,4.19,0.52,1546603541
2019/01/04 14:35:38, 7.78, 4.70,100.00,99.40,,32.54,4.19,0.46,1546608938
2019/01/04 16:05:39, 7.93, 4.30,100.00,99.40,,32.56,4.19,0.45,1546614339
2019/01/04 17:35:39, 7.50, 4.00,100.00,99.40,,32.54,4.18,0.00,1546619739
2019/01/04 19:05:39, 7.44, 3.60,100.00,99.40,,32.53,4.18,0.00,1546625139
2019/01/04 20:35:37, 7.51, 3.60,100.00,99.40,,32.50,4.18,0.00,1546630537
2019/01/04 22:05:37, 7.54, 3.60,100.00,99.40,,32.55,4.18,0.00,1546635937
2019/01/04 23:35:38, 7.56, 3.90,100.00,99.40,,32.57,4.18,0.00,1546641338
2019/01/05 01:05:39, 7.91, 4.40,100.00,99.40,,32.56,4.18,0.00,1546646739
2019/01/05 02:35:39, 8.07, 4.80,100.00,99.40,,32.60,4.18,0.00,1546652139
2019/01/05 04:05:37, 8.30, 5.20,100.00,99.40,,32.61,4.18,0.00,1546657537
2019/01/05 05:35:39, 8.60, 5.70,100.00,99.40,,32.61,4.18,0.00,1546662939
2019/01/05 07:05:48, 8.87, 6.20,100.00,99.40,,32.63,4.18,0.00,1546668348
2019/01/05 07:05:52, 8.87, 6.20,100.00,99.40,,32.63,4.18,0.00,1546668352
2019/01/05 08:35:38, 9.26, 6.90,100.00,99.40,,32.56,4.18,0.35,1546673738
2019/01/05 10:05:41, 9.34, 6.90,100.00,99.40,,32.62,4.17,0.45,1546679141
2019/01/05 13:06:05, 9.47, 7.10,100.00,99.40,,32.58,4.17,0.50,1546689965
2019/01/05 16:05:38, 9.34, 6.80,100.00,99.40,,32.63,4.17,0.45,1546700738
2019/01/05 17:35:38, 9.20, 6.50,100.00,99.40,,32.65,4.17,0.00,1546706138
2019/01/05 19:05:37, 9.18, 6.40,100.00,99.40,,32.63,4.17,0.00,1546711537
2019/01/05 20:35:37, 9.08, 6.20,100.00,99.40,,32.66,4.17,0.00,1546716937
2019/01/05 22:05:37, 9.05, 6.30,100.00,99.40,,32.64,4.17,0.00,1546722337
2019/01/05 23:35:38, 8.95, 6.20,100.00,99.40,,32.60,4.17,0.00,1546727738
2019/01/06 07:05:45, 8.69, 5.70,100.00,99.40,,32.58,4.17,0.00,1546754745
2019/01/06 10:05:49, 8.67, 5.60,100.00,99.40,,32.64,4.16,0.45,1546765549
2019/01/06 13:05:44, 9.12, 6.30,100.00,99.40,,32.66,4.16,0.88,1546776344
2019/01/06 13:05:55, 9.12, 6.30,100.00,99.40,,32.66,4.16,0.88,1546776355
2019/01/06 17:35:54, 9.12, 6.20,100.00,99.40,,32.62,4.16,0.00,1546792554
2019/01/06 20:35:37, 8.84, 5.80,100.00,99.40,,32.65,4.16,0.00,1546803337
2019/01/06 22:05:37, 8.71, 5.60,100.00,99.40,,32.63,4.16,0.00,1546808737
2019/01/07 05:35:44, 6.30, 1.30,100.00,99.40,,32.60,4.16,0.00,1546835744
2019/01/07 07:05:36, 5.90, 1.10,100.00,99.40,,32.62,4.16,0.00,1546841136
2019/01/07 08:35:37, 6.02, 1.50,100.00,99.40,,32.62,4.16,0.35,1546846537
2019/01/07 10:05:37, 6.76, 2.90,100.00,99.40,,32.63,4.16,0.99,1546851937
2019/01/07 11:35:47, 8.25, 5.20,100.00,99.40,,32.62,4.16,0.68,1546857347
2019/01/07 13:05:44, 8.48, 5.50,100.00,99.40,,32.65,4.16,0.60,1546862744
2019/01/07 14:35:41, 8.52, 5.70,100.00,99.40,,32.71,4.16,0.45,1546868141
2019/01/07 16:05:40, 8.78, 6.00,100.00,99.40,,32.69,4.16,0.44,1546873540
2019/01/07 17:35:39, 9.01, 6.50,100.00,99.40,,32.68,4.16,0.00,1546878939
2019/01/08 01:05:36, 9.98, 8.40,100.00,99.40,,32.73,4.15,0.00,1546905936
2019/01/08 11:35:47, 9.32, 6.80,100.00,99.40,,32.56,4.15,0.54,1546943747
2019/01/08 14:35:44, 9.25, 7.30,100.00,99.40,,32.64,4.15,0.81,1546954544
2019/01/08 16:05:47, 9.02, 6.50,100.00,99.40,,32.59,4.15,0.46,1546959947
2019/01/08 19:05:39, 9.29, 6.90,100.00,99.40,,32.45,4.15,0.00,1546970739
2019/01/08 23:35:44, 8.74, 5.60,100.00,99.40,,32.51,4.15,0.00,1546986944
2019/01/09 04:05:38, 8.06, 4.30,100.00,99.40,,32.65,4.15,0.00,1547003138
2019/01/09 05:35:58, 7.86, 3.80,100.00,99.40,,32.70,4.15,0.00,1547008558
2019/01/09 08:35:38, 7.08, 3.00,100.00,99.40,,32.64,4.15,0.35,1547019338
2019/01/09 09:34:46,7.4,3.0,0.2,99.4,,32.65,4.14,0.45,1547022886
2019/01/09 10:31:06,9.4,3.5,,99.4,,32.69,4.15,0.35,1547026266
2019/01/09 11:30:35,9.3,4.3,,99.4,,32.70,4.14,0.35,1547029835
2019/01/09 12:30:44,8.9,5.3,,99.4,,32.69,4.14,0.34,1547033444
2019/01/09 13:30:38,9.0,5.3,,99.4,,32.68,4.14,0.35,1547037038
2019/01/09 14:30:38,8.8,5.0,,99.4,,32.33,4.14,0.34,1547040638
2019/01/09 15:30:39,8.6,5.0,,99.4,,32.31,4.14,0.35,1547044239
2019/01/09 16:30:38,8.2,4.0,,99.0,,32.26,4.14,0.44,1547047838
2019/01/09 17:30:38,7.6,3.3,,99.1,,32.25,4.14,0.05,1547051438
2019/01/09 18:30:36,7.5,3.0,,99.2,,32.23,4.14,0.00,1547055036
2019/01/09 19:30:36,7.1,2.5,0.1,99.1,,32.23,4.14,0.00,1547058636
2019/01/09 20:30:36,7.0,2.5,0.1,99.2,,32.22,4.14,0.00,1547062236
2019/01/09 21:30:39,6.6,2.0,,98.9,,32.2,4.14,0.00,1547065839
2019/01/09 22:30:37,6.2,1.5,,98.9,,32.2,4.14,0.00,1547069437
2019/01/09 23:30:38,5.9,1.0,,99.0,,32.18,4.14,0.00,1547073038
2019/01/10 00:30:40,5.7,0.8,0.4,99.2,,32.17,4.14,0.00,1547076640
2019/01/10 01:30:39,5.7,0.5,0.1,99.4,,32.17,4.14,0.00,1547080239
2019/01/10 02:30:38,5.4,0.3,0.6,99.4,,32.16,4.14,0.00,1547083838
2019/01/10 03:30:36,5.2,0.0,0.7,99.4,,32.15,4.14,0.00,1547087436
2019/01/10 04:30:38,5.0,0.0,0.3,99.4,,32.15,4.14,0.00,1547091038
2019/01/10 05:30:38,5.0,0.0,0.3,99.4,,32.15,4.14,0.00,1547094638
2019/01/10 06:30:37,4.8,0.0,0.7,99.4,,32.14,4.14,0.00,1547098237
2019/01/10 07:30:37,4.5,-1.5,,99.4,,32.12,4.14,0.00,1547101837
2019/01/10 08:30:37,4.3,-1.5,,99.4,,32.12,4.14,0.45,1547105437
2019/01/10 09:30:39,4.3,-1.5,,99.4,,32.12,4.14,0.49,1547109039
2019/01/10 10:30:36,4.4,0.0,,99.4,,32.13,4.14,1.01,1547112636
2019/01/10 11:30:44,4.6,1.0,,99.4,,32.14,4.14,1.22,1547116244
2019/01/10 12:30:41,5.1,1.5,,99.4,,32.15,4.14,1.13,1547119841
2019/01/10 13:30:36,5.3,2.0,,99.4,,32.15,4.14,1.11,1547123436
2019/01/10 14:30:36,5.6,2.5,,99.4,,32.16,4.14,1.08,1547127036
2019/01/10 15:30:36,5.7,2.8,,99.4,,32.15,4.15,0.88,1547130636
2019/01/10 16:30:37,5.7,2.3,,99.4,,32.14,4.15,0.44,1547134237
2019/01/10 17:30:37,5.2,1.8,,99.4,,32.11,4.15,0.04,1547137837
2019/01/10 18:30:39,4.9,1.3,,99.4,,32.11,4.14,0.00,1547141439
2019/01/10 19:30:35,4.7,1.0,,99.4,,32.09,4.14,0.00,1547145035
2019/01/10 20:30:36,4.8,1.0,,99.4,,32.1,4.14,0.00,1547148636
2019/01/10 21:30:39,4.3,0.5,,99.4,,32.09,4.14,0.00,1547152239
2019/01/10 22:30:37,4.2,0.0,,99.4,,32.08,4.14,0.00,1547155837
2019/01/10 23:30:37,4.3,0.8,,99.4,,32.12,4.14,0.00,1547159437
2019/01/11 00:30:37,4.4,1.0,,99.4,,32.13,4.14,0.00,1547163037
2019/01/11 01:30:37,4.4,1.0,,99.4,,32.14,4.14,0.00,1547166637
2019/01/11 02:30:43,4.5,1.0,,99.4,,32.16,4.14,0.00,1547170243
2019/01/11 03:30:36,4.6,0.8,,99.4,,32.23,4.14,0.00,1547173836
2019/01/11 04:30:36,4.5,1.0,,99.4,,32.31,4.14,0.00,1547177436
2019/01/11 05:30:35,4.8,1.3,,99.4,,32.3,4.14,0.00,1547181035
2019/01/11 06:30:36,4.7,1.5,,99.4,,32.3,4.14,0.00,1547184636
2019/01/11 07:30:36,4.8,1.8,,99.4,,32.3,4.14,0.00,1547188236
2019/01/11 08:30:42,4.9,2.0,,99.4,,32.31,4.14,0.35,1547191842
2019/01/11 09:30:42,5.1,2.3,,99.4,,32.38,4.14,0.35,1547195442
2019/01/11 10:30:39,5.6,2.8,,99.4,,32.33,4.14,0.45,1547199039
2019/01/11 11:30:40,5.9,3.3,118.7,99.4,,32.33,4.14,0.70,1547202640
2019/01/11 12:30:37,6.3,4.3,118.0,99.4,,32.31,4.14,0.88,1547206237
2019/01/11 13:30:37,6.7,4.8,117.1,99.4,,32.34,4.14,0.51,1547209837
2019/01/12 08:30:38,7.7,5.0,,99.4,,32.4,4.13,0.35,1547278238
2019/01/12 09:30:37,7.6,4.8,118.8,99.4,,32.39,4.13,0.45,1547281837
2019/01/12 10:30:37,7.8,5.0,,99.4,,32.38,4.13,0.57,1547285437
2019/01/12 11:30:38,8.0,5.5,,99.4,,32.35,4.13,0.46,1547289038
2019/01/12 12:30:37,8.1,5.5,,99.4,,32.33,4.13,0.48,1547292637
2019/01/12 13:30:37,8.1,5.3,,99.4,,32.44,4.13,0.45,1547296237
2019/01/12 14:30:36,8.1,5.8,,99.4,,32.44,4.13,0.45,1547299836
2019/01/12 15:30:35,8.2,6.0,,99.4,,32.49,4.13,0.45,1547303435
2019/01/12 15:30:48,8.2,6.0,,99.4,,32.49,4.13,0.45,1547303448
2019/01/12 16:30:37,8.3,6.0,,99.4,,32.5,4.12,0.43,1547307037
2019/01/12 17:30:38,8.4,6.3,,99.4,,32.58,4.12,0.00,1547310638
2019/01/12 18:30:41,8.4,6.5,,99.4,,32.51,4.12,0.00,1547314241
2019/01/12 19:30:37,8.4,6.5,,99.4,,32.46,4.12,0.00,1547317837
2019/01/12 20:30:39,8.4,6.3,,99.4,,32.46,4.12,0.00,1547321439
2019/01/12 21:30:39,8.5,6.3,,99.4,,32.45,4.12,0.00,1547325039
2019/01/12 22:30:38,8.4,6.5,,99.4,,32.43,4.12,0.00,1547328638
2019/01/12 23:30:36,8.5,6.5,,99.4,,32.43,4.12,0.00,1547332236
2019/01/13 00:30:36,8.5,6.8,,99.4,,32.41,4.11,0.00,1547335836
2019/01/13 01:30:36,8.7,6.8,,99.4,,32.41,4.12,0.00,1547339436
2019/01/13 02:30:36,8.8,6.8,,99.4,,32.39,4.12,0.00,1547343036
2019/01/13 03:30:37,8.7,6.8,,99.4,,32.39,4.12,0.00,1547346637
2019/01/13 04:30:38,8.6,6.8,,99.4,,32.43,4.12,0.00,1547350238
2019/01/13 05:30:38,8.7,6.8,,99.4,,32.49,4.12,0.00,1547353838
2019/01/13 06:30:36,8.7,6.8,,99.4,,32.48,4.12,0.00,1547357436
2019/01/13 07:30:36,8.9,7.0,,99.4,,32.58,4.12,0.00,1547361036
2019/01/13 08:30:40,9.0,7.3,,99.4,,32.6,4.12,0.34,1547364640
2019/01/13 09:30:38,9.2,7.5,,99.4,,32.63,4.12,0.45,1547368238
2019/01/13 10:30:36,9.5,8.0,,99.4,,32.65,4.12,0.45,1547371836
2019/01/13 11:30:38,9.6,8.0,,99.4,,32.56,4.11,0.46,1547375438
2019/01/13 12:30:37,9.8,8.3,,99.4,,32.61,4.12,0.55,1547379037
2019/01/13 13:30:42,9.8,8.3,,99.4,,32.6,4.11,0.45,1547382642
2019/01/13 14:30:37,9.9,8.3,,99.4,,32.6,4.11,0.45,1547386237
2019/01/13 15:30:38,10.0,8.3,,99.4,,32.59,4.11,0.45,1547389838
2019/01/13 16:30:36,10.1,8.3,,99.4,,32.64,4.11,0.43,1547393436
2019/01/13 17:30:36,10.1,8.3,,99.4,,32.53,4.11,0.00,1547397036
2019/01/13 18:30:41,10.2,8.3,,99.4,,32.51,4.11,0.00,1547400641
2019/01/13 19:30:36,10.2,8.3,,99.4,,32.49,4.11,0.00,1547404236
2019/01/13 20:30:37,9.8,6.3,,99.4,,32.6,4.11,0.00,1547407837
2019/01/13 21:30:37,9.5,6.5,,99.4,,32.51,4.11,0.00,1547411437
2019/01/13 22:30:38,9.5,6.5,,99.4,,32.49,4.11,0.00,1547415038
2019/01/13 23:30:35,9.3,6.5,,99.4,,32.47,4.11,0.00,1547418635
2019/01/14 00:30:36,9.3,6.5,,99.4,,32.53,4.11,0.00,1547422236
2019/01/14 01:30:35,9.1,6.0,,99.4,,32.5,4.11,0.00,1547425835
2019/01/14 02:30:36,8.8,5.5,,99.4,,32.55,4.11,0.00,1547429436
2019/01/14 03:30:36,8.9,5.5,,99.4,,32.52,4.11,0.00,1547433036
2019/01/14 04:30:37,8.8,5.8,,99.4,,32.48,4.11,0.00,1547436637
2019/01/14 05:30:38,8.8,5.8,,99.4,,32.48,4.11,0.00,1547440238
2019/01/14 06:30:38,8.7,5.5,,99.4,,32.49,4.11,0.00,1547443838
2019/01/14 07:30:35,8.6,5.5,,99.4,,32.49,4.11,0.00,1547447435
2019/01/14 08:30:38,8.2,5.0,,99.4,,32.56,4.11,0.35,1547451038
2019/01/14 09:30:36,7.8,4.0,,99.4,,32.56,4.11,0.23,1547454636
2019/01/14 10:30:35,7.9,4.5,,99.4,,32.53,4.11,0.35,1547458235
2019/01/14 11:30:38,8.2,5.5,,99.4,,32.53,4.11,0.20,1547461838
2019/01/14 12:30:36,8.2,5.5,,99.4,,32.48,4.11,1.25,1547465436
2019/01/14 13:30:43,8.3,6.0,,99.4,,32.42,4.11,0.93,1547469043
2019/01/14 14:30:43,7.8,3.8,,99.4,,32.5,4.11,0.76,1547472643
2019/01/14 15:30:43,7.7,4.3,,99.4,,32.48,4.11,0.55,1547476243
2019/01/14 16:30:43,7.5,4.0,,99.4,,32.44,4.11,0.45,1547479843
2019/01/14 17:30:38,7.3,3.5,,99.4,,32.41,4.11,0.13,1547483438
2019/01/14 18:30:35,7.0,3.3,,99.4,,32.4,4.11,0.00,1547487035
2019/01/14 19:30:36,6.9,3.3,,99.4,,32.38,4.11,0.00,1547490636
2019/01/14 20:30:37,6.8,3.3,,99.4,,32.38,4.11,0.00,1547494237
2019/01/14 21:30:37,6.7,2.8,,99.4,,32.35,4.11,0.00,1547497837
2019/01/14 22:30:39,6.5,2.8,0.1,99.4,,32.36,4.11,0.00,1547501439
2019/01/14 23:30:37,6.0,1.8,,99.4,,32.33,4.11,0.00,1547505037
2019/01/15 00:30:35,5.6,1.3,,99.4,,32.33,4.11,0.00,1547508635
2019/01/15 01:30:36,5.3,0.8,,99.4,,32.32,4.11,0.00,1547512236
2019/01/15 02:30:35,4.8,-1.5,,99.4,,32.28,4.11,0.00,1547515835
2019/01/15 03:30:35,4.7,-1.8,,99.4,,32.28,4.11,0.00,1547519435
2019/01/15 04:30:37,5.0,1.3,0.2,99.4,,32.35,4.11,0.00,1547523037
2019/01/15 05:30:36,5.2,1.8,0.5,99.4,,32.35,4.11,0.00,1547526636
2019/01/15 06:30:37,4.9,1.3,,99.4,,32.35,4.11,0.00,1547530237
2019/01/15 07:30:38,4.8,1.0,0.3,99.4,,32.33,4.11,0.00,1547533838
2019/01/15 08:30:40,5.1,1.8,,99.4,,32.37,4.11,0.35,1547537440
2019/01/15 09:30:36,5.6,3.3,,99.4,,32.4,4.11,0.98,1547541036
2019/01/15 10:30:38,6.4,4.8,,99.4,,32.41,4.11,0.81,1547544638
2019/01/15 11:30:36,7.0,5.5,,99.4,,32.41,4.11,1.05,1547548236
2019/01/15 13:30:42,7.8,6.8,118.7,99.4,,32.34,4.11,0.42,1547555442
2019/01/15 14:30:37,7.9,7.0,118.2,99.4,,32.34,4.11,0.43,1547559037
2019/01/15 15:30:37,7.9,6.5,118.2,99.4,,32.31,4.11,0.42,1547562637
2019/01/15 16:30:39,8.0,6.3,118.1,99.4,,32.28,4.11,0.43,1547566239
2019/01/15 17:30:35,7.9,6.0,118.4,99.4,,32.28,4.11,0.00,1547569835
2019/01/15 18:30:38,8.0,6.0,118.5,99.4,,32.27,4.11,0.00,1547573438
2019/01/15 19:30:38,7.9,6.0,,99.4,,32.27,4.11,0.00,1547577038
2019/01/15 20:30:35,8.0,6.0,,99.4,,32.27,4.11,0.00,1547580635
2019/01/15 21:30:44,8.1,6.0,,99.4,,32.26,4.11,0.00,1547584244
2019/01/15 22:30:36,8.2,6.3,,99.4,,32.27,4.11,0.00,1547587836
2019/01/15 23:30:37,8.1,6.0,,99.4,,32.25,4.11,0.00,1547591437
2019/01/16 00:30:37,8.1,6.0,,99.4,,32.26,4.11,0.00,1547595037
2019/01/16 01:30:38,8.2,6.0,,99.4,,32.26,4.11,0.00,1547598638
2019/01/16 02:30:40,8.1,5.8,,99.4,,32.21,4.11,0.00,1547602240
2019/01/16 03:30:36,8.1,5.8,,99.4,,32.25,4.11,0.00,1547605836
2019/01/16 04:30:36,8.0,5.5,,99.4,,32.23,4.11,0.00,1547609436
2019/01/16 05:30:36,8.0,5.5,,99.4,,32.23,4.11,0.00,1547613036
2019/01/16 06:30:36,7.9,5.8,,99.4,,32.22,4.11,0.00,1547616636
2019/01/16 07:30:36,8.0,5.8,,99.4,,32.22,4.11,0.00,1547620236
2019/01/16 08:30:37,8.0,5.8,,99.4,,32.22,4.11,0.00,1547623837
2019/01/16 09:30:38,8.1,5.8,,99.4,,32.19,4.11,0.34,1547627438
2019/01/16 10:30:35,8.1,5.8,,99.4,,32.17,4.11,0.34,1547631035
2019/01/16 11:30:36,8.1,5.8,0.2,99.4,,32.17,4.11,0.34,1547634636
2019/01/16 12:30:35,8.2,6.0,,99.4,,32.17,4.10,0.34,1547638235
2019/01/16 13:30:36,8.2,5.5,,99.4,,32.16,4.10,0.35,1547641836
2019/01/16 14:30:36,8.1,5.8,,99.4,,32.16,4.10,0.34,1547645436
2019/01/16 15:30:36,8.1,5.8,,99.4,,32.17,4.10,0.34,1547649036
2019/01/16 15:30:50,8.1,5.8,,99.4,,32.17,4.10,0.34,1547649050
2019/01/16 21:30:35,7.6,5.0,,99.4,,32.14,4.10,0.00,1547670635
2019/01/16 22:30:36,7.6,5.0,,99.4,,32.14,4.10,0.00,1547674236
2019/01/16 23:30:36,7.6,5.0,,99.4,,32.14,4.10,0.00,1547677836
2019/01/17 00:30:37,7.7,5.5,,99.4,,32.11,4.10,0.00,1547681437
2019/01/17 01:30:38,7.7,5.0,,99.4,,32.17,4.10,0.00,1547685038
2019/01/17 02:30:38,7.7,5.0,,99.4,,32.21,4.10,0.00,1547688638
2019/01/17 03:30:36,7.7,5.0,0.3,99.4,,32.22,4.10,0.00,1547692236
2019/01/17 04:30:37,7.5,5.0,0.2,99.4,,32.27,4.10,0.00,1547695837
2019/01/17 05:30:37,7.5,5.0,,99.4,,32.25,4.10,0.00,1547699437
2019/01/17 06:30:36,7.5,5.0,,99.4,,32.25,4.10,0.00,1547703036
2019/01/17 07:30:36,7.3,4.8,,99.4,,32.23,4.10,0.00,1547706636
2019/01/17 08:30:36,7.4,4.8,0.1,99.4,,32.22,4.10,0.26,1547710236
2019/01/17 09:30:42,7.4,4.8,,99.4,,32.21,4.10,0.35,1547713842
2019/01/17 10:30:38,7.5,5.3,,99.4,,32.21,4.10,0.35,1547717438
2019/01/17 11:30:37,7.5,5.3,,99.4,,32.32,4.10,0.35,1547721037
2019/01/17 12:30:37,7.6,4.5,0.2,99.4,,32.33,4.10,0.42,1547724637
2019/01/17 13:30:35,7.5,4.3,0.3,99.4,,32.25,4.10,0.43,1547728235
2019/01/17 14:30:35,7.4,3.5,0.5,99.4,,32.29,4.10,0.35,1547731835
2019/01/17 15:30:36,7.1,3.8,0.5,99.4,,32.28,4.10,0.35,1547735436
2019/01/17 16:30:37,6.8,2.8,,99.4,,32.38,4.10,0.35,1547739037
2019/01/17 17:30:38,6.3,2.0,0.4,99.4,,32.32,4.10,0.02,1547742638
2019/01/18 01:30:37,5.1,0.5,0.5,99.4,,32.22,4.09,0.00,1547771437
2019/01/18 02:30:44,4.9,0.5,0.5,99.4,,32.23,4.09,0.00,1547775044
2019/01/18 06:30:39,3.5,-2.0,0.2,99.4,,32.15,4.09,0.00,1547789439
2019/01/18 09:30:42,2.7,-3.5,0.5,99.4,,32.15,4.10,1.08,1547800242
2019/01/18 10:30:41,3.0,-2.3,,99.4,,32.17,4.10,1.27,1547803841
2019/01/18 11:30:37,3.7,-1.5,,99.4,,32.19,4.10,1.07,1547807437
2019/01/18 12:30:39,4.2,0.8,,99.4,,32.21,4.09,0.43,1547811039
2019/01/18 13:30:37,4.5,1.5,,99.4,,32.23,4.10,0.43,1547814637
2019/01/18 14:30:37,4.6,2.3,119.0,99.4,,32.24,4.10,0.43,1547818237
2019/01/18 15:30:37,4.3,1.5,118.5,99.4,,32.21,4.10,0.43,1547821837
2019/01/18 16:30:35,3.9,-1.8,118.2,99.4,,32.15,4.10,0.43,1547825435
2019/01/18 17:30:36,3.4,-2.8,117.9,99.4,,32.12,4.10,0.25,1547829036
2019/01/18 18:30:36,2.9,-2.0,117.5,99.4,,32.12,4.09,0.01,1547832636
2019/01/18 19:30:38,2.5,-2.0,117.4,99.4,,32.13,4.10,0.01,1547836238
2019/01/18 20:30:37,2.5,-3.8,117.2,99.4,,32.11,4.09,0.01,1547839837
2019/01/18 21:30:35,2.2,-3.5,117.7,99.4,,32.12,4.10,0.00,1547843435
2019/01/18 22:30:36,2.2,-3.8,,99.4,,32.12,4.09,0.00,1547847036
2019/01/18 23:30:35,2.0,-3.0,,99.4,,32.12,4.10,0.00,1547850635
2019/01/19 00:30:35,1.7,-4.3,,99.4,,32.11,4.09,0.00,1547854235
2019/01/19 01:30:42,1.5,-4.0,,99.4,,32.11,4.09,0.00,1547857842
2019/01/19 02:30:36,1.4,-4.0,,99.4,,32.11,4.09,0.00,1547861436
2019/01/19 03:30:37,1.3,-4.5,,99.4,,32.12,4.09,0.00,1547865037
2019/01/19 04:30:37,1.3,-5.8,,99.4,,32.1,4.09,0.00,1547868637
2019/01/19 05:30:37,1.3,-4.3,,99.4,,32.13,4.09,0.00,1547872237
2019/01/19 06:30:37,0.9,-5.3,,99.4,,32.1,4.09,0.00,1547875837
2019/01/19 07:30:38,0.6,-5.0,,99.4,,32.1,4.09,0.04,1547879438
2019/01/19 08:30:35,0.5,-6.3,118.6,99.4,,32.08,4.09,0.35,1547883035
2019/01/19 09:30:37,1.3,-4.3,118.3,99.4,,32.15,4.09,0.43,1547886637
2019/01/19 10:30:36,2.2,-2.8,118.2,99.4,,32.16,4.11,1.48,1547890236
2019/01/19 11:30:38,2.6,0.3,118.2,99.4,,32.21,4.10,1.23,1547893838
2019/01/19 12:30:37,3.4,2.0,118.0,99.4,,32.16,4.10,1.24,1547897437
2019/01/19 13:30:37,3.8,2.5,117.4,99.4,,32.21,4.11,1.18,1547901037
2019/01/19 14:30:37,4.1,3.0,116.8,99.4,,32.18,4.11,1.22,1547904637
2019/01/19 15:30:35,4.3,2.8,116.6,97.9,,32.17,4.11,0.98,1547908235
2019/01/19 16:30:34,4.1,1.5,116.3,97.4,,32.11,4.11,0.47,1547911834
2019/01/19 17:30:35,3.5,0.0,115.9,97.6,,32.07,4.11,0.35,1547915435
2019/01/19 18:30:38,2.7,-2.3,115.6,98.1,,32.03,4.11,0.02,1547919038
2019/01/19 19:30:37,2.2,-3.8,115.1,98.6,,32.01,4.11,0.03,1547922637
2019/01/19 20:30:38,2.5,-1.0,110.7,97.6,,32.05,4.11,0.03,1547926238
2019/01/19 21:30:37,2.3,-2.5,109.9,97.2,,32.04,4.10,0.02,1547929837
2019/01/19 22:30:35,2.2,-2.5,109.9,96.5,,32.05,4.11,0.01,1547933435
2019/01/19 23:30:36,2.0,-2.0,109.3,96.3,,32.04,4.11,0.01,1547937036
2019/01/20 00:30:37,1.6,-3.0,109.9,96.3,,32.01,4.11,0.00,1547940637
2019/01/20 01:30:36,1.0,-5.0,111.4,97.1,,31.97,4.11,0.00,1547944236
2019/01/20 02:30:37,1.2,-6.5,110.4,97.7,,31.96,4.10,0.00,1547947837
2019/01/20 03:30:38,1.7,-7.8,110.4,98.0,,31.94,4.10,0.00,1547951438
2019/01/20 04:30:37,1.4,-7.3,109.9,98.0,,31.95,4.11,0.00,1547955037
2019/01/20 05:30:38,1.2,-7.0,111.0,98.2,,31.95,4.11,0.00,1547958638
2019/01/20 06:30:38,0.8,-8.3,114.3,98.3,,31.93,4.11,0.00,1547962238
2019/01/20 07:30:35,1.0,-8.0,115.0,98.4,,31.94,4.11,0.06,1547965835
2019/01/20 08:30:35,0.3,-8.0,118.0,98.6,,31.95,4.11,0.46,1547969435
2019/01/20 09:30:35,0.9,-7.5,,99.4,,32.01,4.12,1.05,1547973035
2019/01/20 10:30:35,2.0,-4.5,115.1,99.4,,32.06,4.13,0.96,1547976635
2019/01/20 11:30:41,2.2,-1.0,112.2,99.4,,32.11,4.12,1.04,1547980241
2019/01/20 12:30:36,2.6,1.0,112.5,98.9,,32.13,4.12,1.00,1547983836
2019/01/20 13:30:36,3.2,2.0,117.9,97.9,,32.12,4.12,0.97,1547987436
2019/01/20 14:30:37,3.5,2.5,113.5,96.8,,32.12,4.12,0.84,1547991037
2019/01/20 15:30:35,3.6,2.5,113.6,96.1,,32.1,4.12,0.68,1547994635
2019/01/20 16:30:36,3.5,1.3,117.1,95.3,,32.07,4.12,0.46,1547998236
2019/01/20 17:30:34,2.9,-2.5,116.9,96.2,,31.98,4.12,0.43,1548001834
2019/01/20 18:30:35,2.0,-4.5,114.4,96.7,,31.96,4.12,0.04,1548005435
2019/01/20 19:30:37,1.5,-5.5,116.5,97.5,,31.95,4.12,0.05,1548009037
2019/01/20 20:30:38,1.5,-5.5,114.5,97.2,,31.95,4.12,0.05,1548012638
2019/01/20 21:30:40,1.2,-5.0,118.2,97.5,,31.95,4.12,0.05,1548016240
2019/01/20 22:30:38,0.7,-6.3,116.4,97.9,,31.94,4.12,0.05,1548019838
2019/01/20 23:30:37,0.3,-7.5,,98.2,,31.92,4.12,0.04,1548023437
2019/01/21 00:30:35,0.3,-8.8,,98.2,,31.89,4.12,0.03,1548027035
2019/01/21 01:30:37,-0.1,-8.3,113.9,98.2,,31.9,4.12,0.01,1548030637
2019/01/21 02:30:36,-0.5,-8.3,113.0,98.1,,31.9,4.12,0.00,1548034236
2019/01/21 03:30:36,-0.9,-9.8,113.3,98.2,,31.88,4.12,0.00,1548037836
2019/01/21 04:30:36,-1.0,-9.5,113.6,98.5,,31.9,4.12,0.00,1548041436
2019/01/21 05:30:36,-1.1,-9.3,114.2,98.6,,31.9,4.12,0.00,1548045036
2019/01/21 06:30:37,-1.5,-9.3,112.9,98.8,,31.9,4.11,0.00,1548048637
2019/01/21 07:30:37,-1.2,-9.3,112.4,99.0,,31.9,4.12,0.10,1548052237
2019/01/21 08:30:36,-1.3,-9.0,112.1,99.1,,31.9,4.12,0.45,1548055836
2019/01/21 09:30:36,-0.8,-8.5,112.0,99.4,,31.95,4.14,1.06,1548059436
2019/01/21 10:30:35,0.0,-5.5,112.3,99.4,,32.01,4.15,1.26,1548063035
2019/01/21 10:30:48,0.0,-5.5,112.3,99.4,,32.01,4.15,1.26,1548063048
2019/01/21 11:30:35,0.1,-3.5,112.4,99.4,,32.02,4.14,1.18,1548066635
2019/01/21 12:30:37,0.6,-2.8,111.8,99.4,,32.02,4.14,1.09,1548070237
2019/01/21 13:30:37,1.3,0.3,111.5,99.4,,32.08,4.14,1.02,1548073837
2019/01/21 14:30:38,2.0,0.8,111.6,99.0,,32.06,4.14,0.89,1548077438
2019/01/21 15:30:36,2.8,0.5,111.5,98.3,,32.04,4.14,0.70,1548081036
2019/01/21 16:30:38,3.2,-1.5,111.6,97.9,,32,4.14,0.45,1548084638
2019/01/21 17:30:41,2.7,-3.5,111.9,98.3,,31.94,4.14,0.43,1548088241
2019/01/21 18:30:35,2.0,-5.5,112.1,98.6,,31.9,4.14,0.00,1548091835
2019/01/21 19:30:36,1.7,-6.5,112.3,98.8,,31.89,4.14,0.03,1548095436
2019/01/21 20:30:35,1.3,-7.8,112.3,99.1,,31.86,4.14,0.04,1548099035
2019/01/21 21:30:36,1.0,-7.0,112.2,99.0,,31.87,4.14,0.05,1548102636
2019/01/21 22:30:46,0.9,-7.3,109.8,99.4,,31.88,4.14,0.04,1548106246
2019/01/21 22:30:49,0.9,-7.3,109.8,99.4,,31.88,4.14,0.04,1548106249
2019/01/21 23:30:37,1.5,-5.5,108.9,99.4,,31.96,4.13,0.03,1548109837
2019/01/22 00:30:38,1.5,-5.5,108.5,99.4,,31.96,4.13,0.02,1548113438
2019/01/22 01:30:35,2.0,-5.5,107.5,99.3,,31.95,4.13,0.01,1548117035
2019/01/22 02:30:36,1.4,-6.5,106.3,99.3,,31.92,4.13,0.00,1548120636
2019/01/22 03:30:35,0.8,-7.8,103.7,99.3,,31.87,4.14,0.00,1548124235
2019/01/22 04:30:35,0.8,-6.3,101.9,99.3,,31.92,4.13,0.00,1548127835
2019/01/22 05:30:35,1.0,-6.3,100.8,99.4,,31.91,4.13,0.00,1548131435
2019/01/22 06:30:37,0.7,-6.5,100.1,99.3,,31.92,4.13,0.00,1548135037
2019/01/22 07:30:38,0.4,-6.8,99.0,99.3,,31.91,4.13,0.09,1548138638
2019/01/22 08:30:38,0.5,-5.0,100.6,99.1,,31.9,4.13,0.48,1548142238
2019/01/22 09:30:37,0.9,-4.3,101.0,99.4,,31.95,4.15,0.90,1548145837
2019/01/22 10:30:35,1.4,-2.0,99.9,98.3,,31.96,4.16,1.62,1548149435
2019/01/22 11:30:35,2.0,-2.5,99.6,96.3,,31.92,4.17,1.45,1548153035
2019/01/22 12:30:35,2.4,-1.0,99.3,95.0,,31.89,4.17,1.42,1548156635
2019/01/22 13:30:35,2.9,-1.5,99.1,93.8,,31.94,4.18,1.43,1548160235
2019/01/22 14:30:38,3.0,-1.8,99.1,92.5,,31.89,4.18,1.26,1548163838
2019/01/22 15:30:36,3.1,-1.3,98.9,92.8,,31.9,4.18,0.81,1548167436
2019/01/22 16:30:39,3.0,-1.0,98.7,93.4,,31.88,4.18,0.46,1548171039
2019/01/22 17:30:39,3.0,-2.5,98.2,94.0,,31.89,4.18,0.38,1548174639
2019/01/22 18:30:35,3.1,-3.8,97.7,95.4,,31.91,4.18,0.00,1548178235
2019/01/22 19:30:43,2.9,-3.5,96.5,96.8,,31.99,4.18,0.01,1548181843
2019/01/22 19:30:49,2.9,-3.5,96.5,96.8,,31.99,4.18,0.01,1548181849
2019/01/22 20:30:37,3.3,-3.0,91.3,98.0,,32.08,4.17,0.01,1548185437
2019/01/22 21:30:35,2.7,-3.0,89.7,98.9,,32.16,4.17,0.01,1548189035
2019/01/22 22:30:37,2.4,-3.0,87.9,99.4,,32.21,4.17,0.01,1548192637
2019/01/22 23:30:36,2.4,-3.0,86.3,99.4,,32.2,4.17,0.01,1548196236
2019/01/23 00:30:38,2.9,-3.0,85.0,99.4,,32.28,4.17,0.01,1548199838
2019/01/23 01:30:39,2.5,-3.5,85.2,99.4,,32.28,4.17,0.01,1548203439
2019/01/23 02:30:39,2.6,-3.8,86.7,99.4,,32.21,4.17,0.01,1548207039
2019/01/23 03:30:35,2.6,-2.0,87.0,99.4,,32.27,4.17,0.01,1548210635
2019/01/23 04:30:37,2.9,-2.0,85.4,99.4,,32.26,4.17,0.01,1548214237
2019/01/23 05:30:37,2.7,-2.0,85.6,99.4,,32.24,4.17,0.01,1548217837
2019/01/23 06:30:36,2.4,-3.5,86.8,99.4,,32.22,4.17,0.00,1548221436
2019/01/23 07:30:38,2.5,-3.8,86.2,99.4,,32.21,4.17,0.02,1548225038
2019/01/23 08:30:42,2.4,-3.8,88.0,99.4,,32.19,4.16,0.45,1548228642
2019/01/23 09:30:36,3.2,-3.5,87.1,99.4,,32.19,4.17,1.44,1548232236
2019/01/23 10:30:37,3.0,-2.5,86.7,99.4,,32.21,4.19,1.62,1548235837
2019/01/23 11:30:35,3.2,-1.8,86.8,99.4,,32.23,4.20,1.56,1548239435
2019/01/23 12:30:35,3.9,0.3,86.7,99.0,,32.25,4.22,1.61,1548243035
2019/01/23 13:30:40,4.0,0.8,86.8,98.0,,32.23,4.22,1.07,1548246640
2019/01/23 14:30:35,4.2,1.0,86.7,97.7,,32.23,4.22,1.03,1548250235
2019/01/23 15:30:36,4.3,0.5,86.6,97.6,,32.22,4.22,0.79,1548253836
2019/01/23 16:30:36,3.9,-1.8,86.8,97.5,,32.17,4.22,0.46,1548257436
2019/01/23 17:30:36,3.6,-1.0,86.8,97.6,,32.16,4.22,0.43,1548261036
2019/01/23 18:30:37,3.5,-2.5,86.7,97.5,,32.14,4.22,0.00,1548264637
2019/01/23 19:30:34,3.9,-2.3,86.7,97.5,,32.14,4.22,0.00,1548268234
2019/01/23 20:30:35,4.0,-2.3,86.7,97.4,,32.13,4.21,0.00,1548271835
2019/01/23 21:30:36,3.6,-3.8,85.1,97.5,,32.1,4.21,0.00,1548275436
2019/01/23 22:30:35,3.3,-3.5,85.1,97.5,,32.11,4.21,0.00,1548279035
2019/01/23 23:30:36,3.0,-3.5,84.9,97.6,,32.11,4.21,0.00,1548282636
2019/01/24 00:30:36,3.0,-3.5,84.3,97.6,,32.11,4.21,0.00,1548286236
2019/01/24 01:30:37,2.9,-3.0,83.4,97.6,,32.1,4.21,0.00,1548289837
2019/01/24 03:30:37,2.6,-4.5,82.8,97.5,,32.08,4.21,0.00,1548297037
2019/01/24 04:30:35,2.4,-4.3,84.6,97.5,,32.07,4.21,0.00,1548300635
2019/01/24 05:30:35,2.4,-4.0,84.6,97.6,,32.07,4.21,0.00,1548304235
2019/01/24 06:30:35,2.5,-4.3,84.1,97.7,,32.07,4.20,0.00,1548307835
2019/01/24 07:30:35,2.4,-4.0,85.5,97.7,,32.05,4.20,0.01,1548311435
2019/01/24 08:30:35,2.4,-4.0,83.8,97.8,,32.06,4.20,0.35,1548315035
2019/01/24 09:30:38,2.3,-4.0,83.6,97.8,,32.05,4.20,0.46,1548318638
2019/01/24 10:30:36,2.6,-4.5,83.7,98.0,,32.06,4.20,1.25,1548322236
2019/01/24 11:30:37,2.7,-3.5,83.9,98.2,,32.08,4.22,1.41,1548325837
2019/01/24 13:30:41,2.9,-3.0,84.4,98.2,,32.11,4.22,0.99,1548333041
2019/01/24 14:30:34,3.1,-3.5,84.2,98.4,,32.12,4.22,0.94,1548336634
2019/01/24 15:30:35,2.9,-3.5,84.1,98.1,,32.11,4.22,0.56,1548340235
2019/01/24 16:30:34,3.0,-4.5,83.7,97.9,,32.08,4.22,0.45,1548343834
2019/01/24 17:30:35,2.7,-4.3,83.3,97.8,,32.07,4.22,0.43,1548347435
2019/01/24 18:30:35,2.4,-4.0,83.6,97.6,,32.06,4.22,0.00,1548351035
2019/01/24 19:30:36,2.3,-4.0,82.4,97.9,,32.05,4.22,0.00,1548354636
2019/01/24 20:30:36,2.4,-5.8,82.0,98.1,,32.03,4.22,0.00,1548358236
2019/01/24 21:30:34,2.5,-4.0,82.0,98.2,,32.05,4.22,0.00,1548361834
2019/01/24 22:30:34,2.3,-4.0,82.0,98.3,,32.05,4.21,0.00,1548365434
2019/01/24 23:30:33,2.3,-4.0,82.3,98.5,,32.05,4.21,0.00,1548369033
2019/01/25 00:30:34,2.3,-4.3,82.4,98.5,,32.05,4.21,0.00,1548372634
2019/01/25 01:30:35,2.3,-4.3,81.4,98.7,,32.05,4.21,0.00,1548376235
2019/01/25 02:30:35,2.2,-4.3,85.7,99.0,,32.05,4.21,0.00,1548379835
2019/01/25 03:30:36,3.0,-4.5,83.5,99.1,,32.05,4.21,0.00,1548383436
2019/01/25 04:30:36,2.8,-4.5,82.8,99.2,,32.05,4.21,0.00,1548387036
2019/01/25 05:30:34,2.4,-3.0,82.3,99.3,,32.05,4.21,0.00,1548390634
2019/01/25 06:30:34,2.5,-3.0,83.0,99.4,,32.06,4.21,0.00,1548394234
2019/01/25 07:30:34,2.5,-3.5,83.0,99.4,,32.05,4.21,0.01,1548397834
2019/01/25 08:30:34,2.6,-3.5,87.7,99.4,,32.05,4.21,0.35,1548401434
2019/01/25 09:30:36,3.1,-3.8,86.1,99.4,,32.05,4.21,0.60,1548405036
2019/01/25 10:30:35,3.2,-2.3,84.0,99.4,,32.08,4.21,0.74,1548408635
2019/01/25 11:30:35,3.3,-1.0,84.0,99.4,,32.09,4.21,0.89,1548412235
2019/01/25 12:30:36,4.0,-1.8,87.1,99.4,,32.09,4.21,0.83,1548415836
2019/01/25 13:30:33,4.3,1.0,88.9,99.4,,32.14,4.22,1.38,1548419433
2019/01/25 14:30:34,5.3,2.0,86.7,99.4,,32.15,4.22,1.35,1548423034
2019/01/25 15:30:34,5.9,2.0,83.7,99.4,,32.13,4.22,1.00,1548426634
2019/01/25 16:30:34,5.6,1.5,82.8,99.4,,32.12,4.22,0.45,1548430234
2019/01/25 17:30:34,5.5,1.3,82.4,99.4,,32.13,4.22,0.33,1548433834
2019/01/25 18:30:35,5.3,0.8,82.3,99.4,,32.1,4.22,0.00,1548437435
2019/01/25 19:30:35,4.9,0.5,82.0,99.4,,32.14,4.22,0.00,1548441035
2019/01/25 20:30:36,4.7,0.8,84.1,99.4,,32.17,4.22,0.00,1548444636
2019/01/25 21:30:36,5.0,0.8,84.7,99.4,,32.16,4.22,0.00,1548448236
2019/01/25 22:30:36,4.9,1.0,87.3,99.4,,32.19,4.21,0.00,1548451836
2019/01/25 23:30:34,4.9,1.3,95.3,99.4,,32.19,4.21,0.00,1548455434
2019/01/26 00:30:34,5.1,2.0,110.0,99.4,,32.17,4.21,0.00,1548459034
2019/01/26 01:30:34,5.4,2.8,113.9,99.4,,32.17,4.21,0.00,1548462634
2019/01/26 02:30:35,5.7,3.0,113.4,99.4,,32.17,4.21,0.00,1548466235
2019/01/26 03:30:36,5.9,3.8,108.7,99.4,,32.16,4.21,0.00,1548469836
2019/01/26 04:30:36,6.1,4.0,113.4,99.4,,32.14,4.21,0.00,1548473436
2019/01/26 05:30:36,6.4,4.3,108.5,99.4,,32.14,4.21,0.00,1548477036
2019/01/26 06:30:37,6.6,4.5,101.6,99.4,,32.13,4.21,0.00,1548480637
2019/01/26 07:30:34,6.7,4.8,105.1,99.4,,32.1,4.21,0.00,1548484234
2019/01/26 08:30:34,7.0,5.0,103.0,99.4,,32.11,4.21,0.35,1548487834
2019/01/26 09:30:34,7.1,5.0,103.2,99.4,,32.1,4.20,0.45,1548491434
2019/01/26 10:30:34,7.4,5.3,98.1,99.4,,32.1,4.20,0.46,1548495034
2019/01/26 11:30:35,7.8,5.3,93.8,99.4,,32.08,4.20,0.54,1548498635
2019/01/26 12:30:35,8.6,6.0,91.3,99.4,,32.09,4.20,0.77,1548502235
2019/01/26 13:30:35,8.8,6.8,89.9,99.4,,32.09,4.21,1.02,1548505835
2019/01/26 14:30:36,9.0,7.3,89.0,99.4,,32.07,4.21,0.94,1548509436
2019/01/26 15:30:39,9.1,7.0,88.6,99.4,,32.03,4.21,0.45,1548513039
2019/01/26 16:30:36,9.0,6.3,88.2,99.4,,32.04,4.21,0.44,1548516636
2019/01/26 17:30:36,8.8,6.0,88.0,99.4,,32.02,4.21,0.43,1548520236
2019/01/26 18:30:44,8.7,5.8,87.9,99.4,,32.1,4.20,0.00,1548523844
2019/01/26 18:30:48,8.7,5.8,87.9,99.4,,32.1,4.20,0.00,1548523848
2019/01/26 19:30:37,8.6,5.5,87.9,99.4,,32.21,4.20,0.00,1548527437
2019/01/26 20:30:35,8.4,5.3,87.8,99.4,,32.2,4.20,0.00,1548531035
2019/01/26 21:30:36,8.5,5.3,87.6,99.4,,32.18,4.20,0.00,1548534636
2019/01/26 22:30:36,8.1,5.3,87.3,99.4,,32.17,4.20,0.00,1548538236
2019/01/26 23:30:34,8.1,5.5,89.5,99.4,,32.16,4.20,0.00,1548541834
2019/01/27 00:30:34,8.1,5.3,95.9,99.4,,32.22,4.20,0.00,1548545434
2019/01/27 01:30:34,8.0,5.3,107.4,99.4,,32.2,4.20,0.00,1548549034
2019/01/27 02:30:34,8.0,5.3,108.8,99.4,,32.3,4.20,0.00,1548552634
2019/01/27 03:30:34,7.9,5.0,107.1,99.4,,32.28,4.20,0.00,1548556234
2019/01/27 04:30:36,8.1,5.0,100.6,99.4,,32.25,4.20,0.00,1548559836
2019/01/27 05:30:36,8.0,5.3,105.0,99.4,,32.24,4.20,0.00,1548563436
2019/01/27 06:30:37,7.9,5.3,117.1,99.4,,32.29,4.20,0.00,1548567037
2019/01/27 07:30:36,7.9,5.0,105.7,99.4,,32.26,4.20,0.00,1548570636
2019/01/27 08:30:36,8.1,5.3,111.2,99.4,,32.26,4.20,0.45,1548574236
2019/01/27 09:30:34,8.5,5.3,96.5,99.4,,32.25,4.19,0.46,1548577834
2019/01/27 10:30:34,8.7,6.0,94.1,99.4,,32.23,4.20,0.53,1548581434
2019/01/27 11:30:34,8.9,6.3,93.3,99.4,,32.3,4.20,0.55,1548585034
2019/01/27 12:30:35,9.1,6.3,100.9,99.4,,32.26,4.20,0.50,1548588635
2019/01/27 13:30:35,8.9,6.0,103.3,99.4,,32.33,4.19,0.66,1548592235
2019/01/27 14:30:36,9.3,6.3,103.3,99.4,,32.26,4.20,0.70,1548595836
2019/01/27 15:30:36,9.1,6.0,115.3,99.4,,32.31,4.20,0.45,1548599436
2019/01/27 16:30:35,8.8,5.3,118.8,99.4,,32.27,4.20,0.44,1548603035
2019/01/27 17:30:35,8.3,4.3,,99.4,,32.33,4.20,0.41,1548606635
2019/01/27 18:30:40,8.2,4.0,1.0,99.4,,32.24,4.20,0.00,1548610240
2019/01/27 19:30:34,8.3,3.8,117.7,99.4,,32.2,4.19,0.00,1548613834
2019/01/27 20:30:34,7.7,3.3,1.0,99.4,,32.28,4.19,0.00,1548617434
2019/01/27 21:30:35,7.7,3.0,1.8,99.4,,32.2,4.19,0.00,1548621035
2019/01/27 23:00:37,8.0,2.8,116.5,99.4,,32.17,4.19,0.00,1548626437
2019/01/28 00:30:36,7.4,2.8,,99.4,,32.14,4.19,0.00,1548631836
2019/01/28 02:00:35,7.2,3.0,2.1,99.4,,32.1,4.19,0.00,1548637235
2019/01/28 03:30:34,7.0,2.3,1.9,99.4,,32.2,4.19,0.00,1548642634
2019/01/28 05:00:34,6.8,1.8,2.0,99.4,,32.12,4.19,0.00,1548648034
2019/01/28 06:30:35,6.6,1.8,1.6,99.4,,32.17,4.19,0.00,1548653435
2019/01/28 08:00:35,6.7,1.5,2.8,99.4,,32.2,4.19,0.35,1548658835
2019/01/28 09:30:34,6.8,2.0,1.7,99.4,,32.22,4.19,0.35,1548664234
2019/01/28 11:00:34,6.9,3.8,,99.4,,32.32,4.18,0.42,1548669634
2019/01/28 12:30:34,7.4,3.8,118.3,99.4,,32.26,4.19,0.43,1548675034
2019/01/28 14:00:36,7.1,3.3,2.3,99.4,,32.28,4.19,0.71,1548680436
2019/01/28 15:30:36,7.0,3.3,,99.4,,32.22,4.19,0.47,1548685836
2019/01/28 18:30:34,6.8,2.8,116.9,99.4,,32.15,4.19,0.00,1548696634
2019/01/28 20:00:36,6.6,2.8,111.9,99.4,,32.12,4.19,0.00,1548702036
2019/01/28 23:00:35,6.0,1.5,2.2,99.4,,32.08,4.18,0.00,1548712835
2019/01/29 00:30:36,5.9,1.3,2.4,99.4,,32.07,4.18,0.00,1548718236
2019/01/29 02:00:34,5.9,1.3,0.2,99.4,,32.07,4.18,0.00,1548723634
2019/01/29 03:30:35,5.7,1.3,1.2,99.4,,32.07,4.18,0.00,1548729035
2019/01/29 05:00:34,5.7,1.3,,99.4,,32.06,4.18,0.00,1548734434
2019/01/29 06:30:34,5.3,1.0,,99.4,,32.04,4.18,0.00,1548739834
2019/01/29 08:00:35,5.3,1.0,1.4,99.4,,32.04,4.18,0.35,1548745235
2019/01/29 09:30:35,5.5,1.3,115.6,99.4,,32.05,4.18,0.80,1548750635
2019/01/29 11:00:34,5.9,2.8,,99.4,,32.06,4.19,1.19,1548756034
2019/01/29 12:30:34,6.6,4.8,2.4,99.4,,32.07,4.20,1.35,1548761434
2019/01/29 14:00:34,7.0,5.3,0.7,99.4,,32.02,4.22,1.35,1548766834
2019/01/29 15:30:34,7.0,4.0,110.3,99.3,,31.96,4.22,0.78,1548772234
2019/01/29 17:00:33,6.5,2.3,107.9,98.6,,31.92,4.22,0.45,1548777633
2019/01/29 18:30:42,5.8,0.5,105.6,98.7,,31.87,4.22,0.00,1548783042
2019/01/29 20:00:35,5.1,-1.8,2.0,98.8,,31.84,4.22,0.00,1548788435
2019/01/29 21:30:35,5.3,0.0,1.9,99.4,,31.88,4.22,0.00,1548793835
2019/01/29 23:00:38,5.5,0.8,1.9,99.4,,31.91,4.21,0.00,1548799238
2019/01/30 00:30:35,5.6,1.0,2.2,98.9,,31.86,4.22,0.00,1548804635
2019/01/30 02:00:34,5.9,0.5,,99.0,,31.89,4.21,0.00,1548810034
2019/01/30 03:30:36,5.0,0.3,2.8,98.9,,31.87,4.21,0.00,1548815436
2019/01/30 05:00:41,4.7,0.0,1.8,98.8,,31.86,4.21,0.00,1548820841
2019/01/30 06:30:37,5.0,0.3,1.8,98.5,,31.87,4.21,0.00,1548826237
